ticket_id,csat_score,nps,comment
T00001,5,41,
T00002,3,-11,
T00003,4,33,
T00004,5,9,
T00007,4,21,
T00008,3,2,
T00009,4,-5,
T00012,3,-28,
T00014,4,19,
T00015,4,28,
T00016,5,61,
T00017,4,62,
T00018,4,8,
T00020,3,6,
T00021,3,-2,
T00022,5,13,
T00025,3,-30,
T00028,4,21,
T00029,4,36,
T00033,5,54,
T00034,4,64,
T00040,5,33,
T00043,4,31,
T00044,4,45,
T00046,5,41,
T00047,4,26,
T00049,4,14,
T00051,4,0,
T00053,5,58,
T00054,5,39,
T00056,4,26,
T00058,5,43,
T00060,3,-3,
T00061,4,46,
T00064,5,100,
T00065,3,23,
T00066,5,32,
T00067,5,31,
T00069,3,-28,
T00071,5,60,
T00074,3,15,
T00075,5,51,
T00076,4,47,
T00077,3,13,
T00079,3,-3,
T00083,5,63,
T00084,5,18,
T00085,2,-2,
T00087,5,57,
T00088,5,28,
T00094,3,-9,
T00095,4,-2,
T00096,4,9,
T00097,3,19,
T00098,5,63,
T00100,4,4,
T00102,5,83,
T00103,4,13,
T00108,4,7,
T00111,3,-10,
T00114,3,-24,
T00115,5,95,
T00116,4,36,
T00120,4,16,
T00122,5,34,
T00123,3,24,
T00124,3,39,
T00126,5,22,
T00127,4,49,
T00128,1,-63,
T00130,5,18,
T00131,3,10,
T00132,5,50,
T00133,3,18,
T00134,4,10,
T00135,4,15,
T00136,4,26,
T00137,3,-3,
T00138,4,62,
T00139,4,38,
T00140,5,86,
T00143,3,-45,
T00144,5,37,
T00145,3,65,
T00146,5,19,
T00147,2,-15,
T00148,5,61,
T00149,4,33,
T00150,5,65,
T00152,3,-4,
T00153,5,67,
T00156,5,66,
T00158,4,24,
T00162,5,94,
T00165,4,19,
T00168,2,-54,
T00169,4,1,
T00170,4,-2,
T00171,4,24,
T00172,4,20,
T00175,3,-35,
T00177,3,-19,
T00183,4,21,
T00184,5,37,
T00187,2,-38,
T00188,4,-1,
T00190,5,48,
T00192,5,45,
T00195,4,75,
T00198,5,83,
T00201,4,28,
T00202,4,36,
T00203,4,-27,
T00204,5,100,
T00206,5,36,
T00207,5,35,
T00208,5,-3,
T00209,3,-35,
T00213,3,22,
T00214,5,33,
T00216,4,6,
T00218,3,0,
T00220,4,30,
T00222,5,11,
T00223,4,-2,
T00224,5,100,
T00225,5,56,
T00226,4,23,
T00232,4,12,
T00233,4,24,
T00237,5,27,
T00238,4,-1,
T00239,3,5,
T00241,5,45,
T00242,4,17,
T00247,3,34,
T00248,4,-4,
T00249,4,58,
T00250,5,68,
T00252,4,48,
T00253,5,53,
T00254,4,31,
T00255,4,14,
T00256,5,51,
T00264,4,47,
T00269,4,18,
T00271,4,19,
T00272,3,-12,
T00273,5,39,
T00275,4,23,
T00276,4,17,
T00280,3,-22,
T00282,4,31,
T00283,5,42,
T00286,3,0,
T00287,3,35,
T00288,3,12,
T00289,4,63,
T00290,5,8,
T00292,4,40,
T00293,4,59,
T00296,4,33,
T00297,3,9,
T00298,4,34,
T00299,4,10,
T00300,5,45,
T00301,3,15,
T00303,4,9,
T00305,3,28,
T00308,4,18,
T00310,4,56,
T00312,4,19,
T00314,4,27,
T00315,3,0,
T00316,5,-24,
T00317,3,0,
T00318,4,-10,
T00320,5,54,
T00321,5,39,
T00323,5,44,
T00325,5,36,
T00326,3,25,
T00327,3,11,
T00332,3,35,
T00334,4,0,
T00338,3,-31,
T00339,4,24,
T00340,5,17,
T00346,4,72,
T00348,5,-22,
T00350,5,58,
T00351,5,60,
T00352,3,1,
T00353,3,33,
T00354,5,14,
T00358,3,-13,
T00359,4,35,
T00362,3,0,
T00363,5,26,
T00365,4,7,
T00366,4,28,
T00367,5,25,
T00371,5,53,
T00373,5,59,
T00376,4,25,
T00377,3,35,
T00380,4,50,
T00382,5,27,
T00383,5,66,
T00384,3,3,
T00386,4,64,
T00388,4,-8,
T00390,4,26,
T00393,4,25,
T00394,2,-45,
T00396,4,39,
T00397,3,7,
T00399,3,20,
T00401,2,-54,
T00402,5,15,
T00403,5,35,
T00404,3,-27,
T00407,4,41,
T00410,4,56,
T00411,5,48,
T00412,4,16,
T00413,5,28,
T00414,4,36,
T00415,4,36,
T00417,5,31,
T00418,3,-31,
T00419,4,2,
T00421,3,-17,
T00422,3,22,
T00423,3,11,
T00424,2,-8,
T00425,4,57,
T00426,4,71,
T00429,3,18,
T00430,5,51,
T00431,5,82,
T00432,4,9,
T00436,4,9,
T00438,4,60,
T00439,4,-1,
T00442,3,15,
T00445,3,-4,
T00446,5,39,
T00448,4,84,
T00452,3,-6,
T00453,5,73,
T00457,4,-3,
T00458,3,15,
T00459,5,41,
T00463,4,43,
T00467,5,37,
T00468,5,74,
T00469,3,-4,
T00471,4,18,
T00472,4,32,
T00473,5,67,
T00474,3,4,
T00475,3,42,
T00476,5,19,
T00477,4,3,
T00478,3,-19,
T00479,5,25,
T00482,4,53,
T00483,4,17,
T00485,4,16,
T00487,3,29,
T00488,4,23,
T00489,3,5,
T00491,5,93,
T00492,5,48,
T00493,3,-21,
T00494,5,26,
T00495,4,25,
T00498,5,93,
T00499,3,0,
T00503,4,51,
T00504,3,-2,
T00507,3,29,
T00508,4,-11,
T00509,5,61,
T00510,5,61,
T00511,2,-36,
T00513,5,72,
T00514,5,76,
T00515,5,54,
T00516,5,45,
T00518,4,55,
T00519,5,13,
T00522,5,86,
T00523,5,44,
T00525,4,25,
T00528,5,100,
T00529,4,22,
T00530,4,12,
T00532,4,58,
T00533,5,47,
T00534,4,17,
T00535,4,67,
T00537,5,50,
T00542,3,13,
T00543,3,4,
T00546,5,15,
T00547,4,3,
T00548,4,18,
T00551,4,4,
T00552,4,69,
T00554,5,51,
T00555,2,-56,
T00556,5,63,
T00558,4,6,
T00559,3,2,
T00560,4,72,
T00561,4,51,
T00563,4,-3,
T00569,3,16,
T00570,3,20,
T00572,5,62,
T00573,3,-17,
T00574,4,0,
T00578,5,10,
T00581,2,-33,
T00582,5,72,
T00585,3,10,
T00587,3,39,
T00591,5,31,
T00592,4,9,
T00593,3,-28,
T00594,4,-17,
T00595,4,41,
T00596,5,32,
T00597,4,25,
T00600,3,22,
T00601,4,15,
T00603,3,1,
T00604,4,6,
T00606,4,12,
T00607,5,51,
T00608,5,93,
T00609,5,76,
T00610,3,15,
T00611,4,16,
T00612,5,18,
T00621,3,-7,
T00624,4,-5,
T00625,3,15,
T00626,5,61,
T00629,3,-23,
T00630,5,63,
T00631,4,7,
T00632,3,-4,
T00633,5,38,
T00634,4,30,
T00636,5,16,
T00637,4,0,
T00639,4,0,
T00641,4,25,
T00643,5,56,
T00644,5,89,
T00645,4,17,
T00646,4,20,
T00647,5,45,
T00648,3,-5,
T00649,4,-3,
T00650,3,18,
T00651,4,17,
T00652,4,29,
T00655,4,33,
T00656,4,24,
T00657,4,7,
T00660,3,14,
T00661,2,-33,
T00663,4,29,
T00664,5,42,
T00667,4,20,
T00668,4,22,
T00670,4,17,
T00671,4,44,
T00675,4,-22,
T00676,4,9,
T00677,4,-33,
T00679,3,-5,
T00680,5,57,
T00683,3,-12,
T00685,5,10,
T00686,4,36,
T00688,5,57,
T00690,5,83,
T00691,3,1,
T00692,3,-3,
T00695,4,13,
T00696,4,47,
T00697,4,6,
T00698,4,18,
T00699,5,54,
T00700,5,49,
T00703,3,-4,
T00704,5,73,
T00707,4,26,
T00708,4,13,
T00709,3,-21,
T00710,5,37,
T00711,4,22,
T00713,4,29,
T00714,3,5,
T00718,5,14,
T00720,4,34,
T00723,4,5,
T00725,4,1,
T00728,5,65,
T00729,4,1,
T00730,5,42,
T00732,3,-2,
T00733,4,93,
T00734,4,-28,
T00735,5,100,
T00736,4,12,
T00737,5,100,
T00741,5,37,
T00742,3,3,
T00744,5,4,
T00746,4,10,
T00747,5,68,
T00749,5,79,
T00750,3,-44,
T00752,5,13,
T00753,3,9,
T00754,5,35,
T00756,2,-26,
T00757,3,-8,
T00758,4,-5,
T00765,5,15,
T00766,3,-10,
T00767,4,39,
T00768,4,59,
T00771,4,41,
T00772,3,10,
T00775,4,69,
T00776,3,-3,
T00777,5,79,
T00778,5,42,
T00781,4,38,
T00782,5,9,
T00783,4,69,
T00784,4,40,
T00785,4,26,
T00792,3,23,
T00793,5,37,
T00794,3,6,
T00795,4,-7,
T00796,5,-17,
T00797,4,-6,
T00798,3,12,
T00800,5,28,
T00801,2,-28,
T00802,3,-29,
T00803,4,35,
T00804,4,20,
T00806,5,51,
T00807,4,29,
T00808,3,-7,
T00810,5,15,
T00815,4,44,
T00816,5,19,
T00817,5,87,
T00819,3,-1,
T00820,4,38,
T00821,4,78,
T00822,4,0,
T00824,4,13,
T00825,5,82,
T00827,3,-12,
T00829,5,73,
T00832,4,42,
T00833,5,92,
T00834,4,12,
T00835,4,40,
T00838,4,8,
T00839,4,66,
T00841,4,-59,
T00842,3,-30,
T00843,4,14,
T00845,4,28,
T00846,4,-3,
T00847,4,43,
T00849,3,-29,
T00852,4,59,
T00854,4,24,
T00855,4,35,
T00856,3,24,
T00857,5,81,
T00858,3,-14,
T00859,4,37,
T00861,4,23,
T00862,5,-4,
T00863,3,0,
T00864,4,12,
T00867,4,23,
T00868,5,13,
T00869,3,15,
T00871,4,51,
T00872,4,-5,
T00873,5,47,
T00874,4,13,
T00875,4,41,
T00877,5,75,
T00878,5,35,
T00880,3,-55,
T00881,5,20,
T00884,4,-1,
T00885,4,-32,
T00887,5,86,
T00888,3,-47,
T00889,5,9,
T00890,5,75,
T00891,4,27,
T00895,5,75,
T00897,4,-9,
T00898,3,-4,
T00899,5,33,
T00902,5,27,
T00904,4,41,
T00905,3,13,
T00906,3,4,
T00908,4,1,
T00911,3,-26,
T00912,5,66,
T00916,5,22,
T00920,3,15,
T00921,3,0,
T00922,5,17,
T00923,5,44,
T00925,4,43,
T00927,4,7,
T00928,4,13,
T00929,4,-14,
T00930,3,-12,
T00931,4,69,
T00932,3,42,
T00933,4,-2,
T00936,4,30,
T00940,5,45,
T00941,4,23,
T00942,2,0,
T00945,4,5,
T00946,4,39,
T00947,4,46,
T00948,4,6,
T00949,4,31,
T00950,5,41,
T00951,3,28,
T00952,5,53,
T00953,5,36,
T00954,3,11,
T00958,4,13,
T00959,4,7,
T00960,3,8,
T00961,5,67,
T00962,3,14,
T00964,3,-8,
T00965,3,6,
T00966,3,-31,
T00967,5,32,
T00970,5,-17,
T00973,4,30,
T00975,4,38,
T00976,5,74,
T00979,4,28,
T00980,5,61,
T00983,3,-6,
T00984,3,-7,
T00985,5,24,
T00986,5,11,
T00989,4,-1,
T00990,5,78,
T00994,3,3,
T00995,4,38,
T01005,4,84,
T01006,5,53,
T01007,4,23,
T01008,4,16,
T01009,5,68,
T01010,4,43,
T01011,5,10,
T01012,5,61,
T01013,4,29,
T01015,4,19,
T01017,4,-15,
T01021,5,29,
T01023,4,68,
T01024,4,37,
T01026,3,-10,
T01028,4,18,
T01029,5,68,
T01030,4,42,
T01034,4,62,
T01035,3,10,
T01037,4,16,
T01039,3,40,
T01042,5,55,
T01043,5,79,
T01044,5,37,
T01045,5,93,
T01046,2,-49,
T01047,3,-16,
T01048,4,56,
T01049,5,90,
T01050,2,16,
T01051,4,-7,
T01052,4,-17,
T01054,4,45,
T01057,5,76,
T01058,4,31,
T01059,5,65,
T01060,4,51,
T01061,4,16,
T01063,4,38,
T01068,3,25,
T01070,4,-12,
T01071,5,80,
T01075,3,-4,
T01077,4,13,
T01079,5,34,
T01085,3,-19,
T01086,2,-42,
T01087,4,60,
T01088,3,19,
T01089,3,21,
T01090,4,-3,
T01094,3,-25,
T01095,5,19,
T01096,5,32,
T01097,5,41,
T01100,5,50,
T01101,5,83,
T01102,4,80,
T01103,3,35,
T01108,5,48,
T01109,5,39,
T01111,4,4,
T01113,5,82,
T01114,3,-10,
T01115,3,32,
T01116,4,61,
T01118,4,18,
T01119,4,14,
T01121,5,37,
T01124,4,16,
T01125,4,52,
T01126,5,29,
T01127,2,8,
T01128,5,37,
T01130,4,12,
T01131,4,49,
T01133,5,20,
T01134,3,-38,
T01137,4,31,
T01138,4,30,
T01140,3,19,
T01141,4,13,
T01142,4,45,
T01144,5,5,
T01145,3,17,
T01146,4,12,
T01147,4,31,
T01148,5,0,
T01149,5,89,
T01150,5,32,
T01153,2,-89,
T01154,4,44,
T01155,3,4,
T01156,3,-13,
T01157,2,-16,
T01160,2,-22,
T01161,3,-37,
T01165,3,41,
T01167,5,11,
T01168,3,-34,
T01172,3,-20,
T01176,3,51,
T01177,4,35,
T01179,2,4,
T01180,4,51,
T01181,4,8,
T01182,5,32,
T01184,4,54,
T01186,5,62,
T01187,3,-39,
T01188,3,14,
T01190,3,4,
T01191,4,-21,
T01192,5,51,
T01194,4,25,
T01196,4,28,
T01198,4,38,
T01199,4,21,
T01200,4,-11,
T01202,4,17,
T01203,4,34,
T01204,5,41,
T01205,5,68,
T01206,5,66,
T01211,4,33,
T01219,3,-10,
T01220,3,-40,
T01221,4,-9,
T01223,4,5,
T01225,4,5,
T01227,4,33,
T01228,4,49,
T01229,4,26,
T01230,3,-1,
T01235,4,21,
T01236,5,83,
T01237,4,45,
T01245,3,1,
T01246,5,50,
T01250,3,45,
T01252,3,13,
T01253,4,6,
T01254,3,-4,
T01256,5,79,
T01257,4,52,
T01260,2,-14,
T01262,5,-1,
T01263,2,28,
T01264,5,24,
T01266,5,29,
T01267,3,31,
T01268,4,-21,
T01271,5,28,
T01272,4,44,
T01274,5,67,
T01279,3,-1,
T01286,5,57,
T01287,5,48,
T01288,5,80,
T01290,5,67,
T01291,4,47,
T01296,3,-12,
T01297,3,-2,
T01298,4,57,
T01299,3,-41,
T01301,5,95,
T01302,3,23,
T01303,5,39,
T01305,5,52,
T01306,1,-39,
T01311,4,29,
T01314,5,16,
T01315,3,10,
T01316,4,51,
T01317,4,24,
T01318,3,-17,
T01320,2,-53,
T01321,4,4,
T01322,3,4,
T01323,4,-7,
T01325,5,63,
T01326,4,63,
T01327,4,51,
T01328,5,52,
T01329,4,-18,
T01331,3,-20,
T01332,4,-52,
T01333,5,62,
T01334,5,41,
T01335,4,46,
T01337,5,85,
T01339,5,62,
T01341,4,44,
T01342,4,45,
T01343,5,27,
T01345,4,22,
T01346,5,54,
T01347,4,14,
T01349,2,-72,
T01350,4,-19,
T01351,4,62,
T01354,5,80,
T01356,4,19,
T01358,5,57,
T01360,5,45,
T01364,4,40,
T01365,5,63,
T01366,4,33,
T01367,5,41,
T01368,5,57,
T01370,4,-22,
T01372,3,2,
T01373,4,14,
T01374,4,35,
T01377,4,35,
T01382,5,34,
T01385,3,17,
T01386,3,12,
T01388,5,20,
T01389,5,25,
T01391,5,47,
T01392,3,4,
T01398,4,30,
T01399,4,-12,
T01401,4,51,
T01402,4,27,
T01403,3,-9,
T01404,4,19,
T01405,3,0,
T01406,4,15,
T01407,4,58,
T01408,4,35,
T01409,2,-44,
T01410,3,12,
T01416,3,0,
T01417,4,54,
T01418,5,30,
T01419,5,100,
T01420,3,-7,
T01422,5,95,
T01423,4,35,
T01424,4,55,
T01426,2,-19,
T01427,5,35,
T01428,3,18,
T01430,4,-9,
T01431,4,-8,
T01432,3,2,
T01437,2,-61,
T01438,3,-6,
T01440,4,37,
T01441,5,71,
T01442,4,44,
T01443,5,83,
T01446,5,33,
T01449,4,53,
T01450,5,27,
T01451,4,37,
T01452,5,55,
T01455,4,-17,
T01462,4,11,
T01465,4,17,
T01466,5,37,
T01471,4,37,
T01474,5,53,
T01476,4,34,
T01477,4,84,
T01478,3,-5,
T01479,5,51,
T01480,4,-28,
T01481,5,44,
T01485,3,-19,
T01486,4,21,
T01487,5,33,
T01489,4,3,
T01490,4,60,
T01492,3,-8,
T01495,4,8,
T01497,5,39,
T01500,5,20,
T01501,4,61,
T01502,4,34,
T01504,4,12,
T01505,4,6,
T01508,4,10,
T01509,5,62,
T01510,3,-44,
T01511,3,7,
T01513,3,30,
T01514,5,66,
T01515,5,62,
T01516,3,5,
T01517,4,28,
T01518,5,61,
T01519,3,12,
T01522,3,46,
T01523,2,-35,
T01527,4,44,
T01528,4,15,
T01529,4,54,
T01533,5,48,
T01534,4,-2,
T01536,4,57,
T01537,4,61,
T01538,4,14,
T01539,3,0,
T01540,4,64,
T01541,5,38,
T01544,4,-22,
T01546,4,8,
T01547,4,47,
T01548,3,-4,
T01549,4,3,
T01552,4,27,
T01554,5,70,
T01556,3,4,
T01557,5,54,
T01558,3,12,
T01560,4,31,
T01564,4,12,
T01565,3,-58,
T01568,4,18,
T01569,5,62,
T01572,4,34,
T01573,4,24,
T01575,4,19,
T01576,4,35,
T01577,4,10,
T01580,5,93,
T01582,3,11,
T01583,4,5,
T01585,4,10,
T01588,3,-13,
T01589,3,-29,
T01591,5,93,
T01592,3,-26,
T01598,3,27,
T01603,4,0,
T01607,3,-49,
T01609,5,17,
T01610,2,-23,
T01612,5,56,
T01613,4,6,
T01614,5,43,
T01615,4,44,
T01617,4,51,
T01618,5,42,
T01620,4,8,
T01621,3,-40,
T01622,2,-10,
T01623,5,28,
T01624,5,58,
T01625,4,66,
T01629,4,42,
T01631,5,61,
T01633,3,-15,
T01639,2,5,
T01640,4,35,
T01643,5,52,
T01644,3,-19,
T01645,4,14,
T01646,5,81,
T01648,4,29,
T01649,4,45,
T01652,4,-21,
T01655,4,78,
T01656,3,14,
T01657,3,-27,
T01658,2,-33,
T01659,4,34,
T01660,4,9,
T01666,3,3,
T01669,4,50,
T01673,3,39,
T01676,4,39,
T01677,5,55,
T01680,3,-2,
T01681,3,5,
T01682,4,5,
T01684,5,37,
T01685,4,-12,
T01686,4,-8,
T01689,3,-15,
T01690,5,51,
T01693,4,43,
T01695,4,11,
T01696,4,-5,
T01698,4,31,
T01699,3,-48,
T01700,4,56,
T01701,2,-16,
T01704,5,63,
T01706,4,78,
T01708,5,6,
T01709,4,7,
T01710,4,40,
T01711,2,-11,
T01712,4,25,
T01714,4,-25,
T01715,4,56,
T01716,3,-20,
T01719,4,38,
T01720,4,48,
T01722,4,48,
T01723,5,-2,
T01724,3,7,
T01726,5,12,
T01727,5,68,
T01729,5,67,
T01730,5,68,
T01731,4,16,
T01732,4,42,
T01733,4,-9,
T01734,5,73,
T01735,3,-15,
T01741,4,-28,
T01742,5,25,
T01744,5,11,
T01746,5,86,
T01747,4,5,
T01748,4,42,
T01749,3,-48,
T01751,4,23,
T01753,5,35,
T01756,3,19,
T01759,4,0,
T01760,5,19,
T01761,4,4,
T01762,3,-1,
T01763,5,71,
T01764,3,-12,
T01768,4,51,
T01769,4,11,
T01770,5,57,
T01771,4,26,
T01772,3,33,
T01773,5,34,
T01777,4,44,
T01779,4,40,
T01782,3,-10,
T01784,3,-32,
T01785,4,13,
T01786,4,-9,
T01787,5,64,
T01789,4,72,
T01793,4,26,
T01795,4,10,
T01798,5,83,
T01799,4,15,
T01800,3,-17,
T01801,5,40,
T01802,4,-21,
T01804,4,21,
T01806,5,54,
T01808,4,43,
T01809,3,-11,
T01810,4,4,
T01813,5,68,
T01814,5,62,
T01815,5,9,
T01817,4,9,
T01822,4,4,
T01823,5,16,
T01826,5,75,
T01827,4,18,
T01828,4,62,
T01829,4,49,
T01830,4,31,
T01831,4,12,
T01832,4,16,
T01833,4,23,
T01835,4,16,
T01836,5,77,
T01840,4,6,
T01841,4,27,
T01842,5,62,
T01843,4,35,
T01844,3,14,
T01846,4,20,
T01849,5,63,
T01850,5,75,
T01851,4,66,
T01852,4,0,
T01853,4,54,
T01854,4,-14,
T01856,3,0,
T01857,5,56,
T01859,3,-14,
T01863,4,22,
T01866,4,41,
T01867,3,-53,
T01870,4,70,
T01871,3,21,
T01872,2,-13,
T01874,4,36,
T01875,5,54,
T01876,5,36,
T01877,5,28,
T01879,5,19,
T01881,4,12,
T01882,3,0,
T01884,5,9,
T01885,3,-41,
T01886,5,77,
T01889,4,-23,
T01893,4,-2,
T01894,5,50,
T01895,4,7,
T01897,4,39,
T01902,4,50,
T01903,5,19,
T01904,4,1,
T01905,3,3,
T01906,3,8,
T01908,5,25,
T01910,5,62,
T01911,5,58,
T01912,3,0,
T01914,5,38,
T01915,4,15,
T01916,1,-52,
T01918,4,27,
T01919,4,50,
T01921,3,-15,
T01923,5,38,
T01924,4,55,
T01925,3,23,
T01927,5,71,
T01929,5,85,
T01931,5,85,
T01934,4,38,
T01937,4,11,
T01939,5,24,
T01941,3,29,
T01943,3,8,
T01946,3,-7,
T01947,4,11,
T01948,4,9,
T01950,3,37,
T01952,4,19,
T01953,4,35,
T01954,3,-5,
T01957,3,9,
T01960,5,47,
T01963,3,-35,
T01964,5,44,
T01966,5,41,
T01969,3,-10,
T01970,4,31,
T01971,5,25,
T01975,4,21,
T01976,3,-33,
T01978,4,-2,
T01980,5,64,
T01981,3,-4,
T01982,5,63,
T01984,4,-19,
T01985,3,6,
T01987,5,55,
T01988,2,-42,
T01989,3,-4,
T01990,5,61,
T01991,5,40,
T01992,4,26,
T01993,2,16,
T01994,4,-4,
T01997,4,18,
T01998,4,-1,
T01999,4,27,
T02000,4,-15,
T02002,3,-11,
T02003,4,-35,
T02008,4,38,
T02009,4,40,
T02010,3,29,
T02012,3,-12,
T02013,5,38,
T02014,5,47,
T02017,5,24,
T02018,4,23,
T02020,4,27,
T02022,5,73,
T02023,4,28,
T02025,4,-4,
T02026,4,31,
T02030,4,6,
T02032,5,36,
T02034,5,36,
T02037,4,11,
T02041,5,76,
T02044,4,24,
T02046,5,45,
T02047,3,-26,
T02048,4,15,
T02052,4,3,
T02053,5,34,
T02055,4,15,
T02056,4,56,
T02057,5,61,
T02060,4,58,
T02061,4,-3,
T02064,4,-12,
T02065,3,14,
T02066,5,24,
T02069,5,60,
T02070,5,45,
T02072,3,-22,
T02073,2,36,
T02074,5,71,
T02075,3,-9,
T02076,3,-20,
T02079,4,28,
T02082,4,26,
T02084,4,53,
T02086,2,-8,
T02089,5,39,
T02090,4,13,
T02092,5,29,
T02093,3,42,
T02094,2,-7,
T02095,5,66,
T02096,3,47,
T02097,4,45,
T02098,5,71,
T02100,4,56,
T02101,4,1,
T02103,4,3,
T02104,4,-1,
T02105,5,-1,
T02106,5,56,
T02107,4,0,
T02108,3,8,
T02112,5,43,
T02113,4,9,
T02115,4,26,
T02117,4,51,
T02118,4,-33,
T02120,4,26,
T02123,5,54,
T02124,4,51,
T02125,4,41,
T02126,4,16,
T02127,3,20,
T02128,5,73,
T02130,5,44,
T02132,3,-10,
T02133,3,14,
T02137,4,27,
T02138,5,51,
T02140,5,88,
T02141,5,61,
T02142,5,100,
T02145,4,8,
T02146,3,7,
T02147,5,28,
T02149,3,-15,
T02150,5,24,
T02151,5,24,
T02153,4,22,
T02154,3,22,
T02155,3,-11,
T02157,5,40,
T02159,4,-2,
T02163,4,40,
T02164,4,52,
T02165,4,54,
T02167,5,72,
T02168,4,17,
T02169,4,19,
T02170,4,42,
T02171,5,48,
T02173,2,-55,
T02175,3,-31,
T02176,5,10,
T02177,5,6,
T02179,5,53,
T02180,4,37,
T02181,3,8,
T02184,5,31,
T02185,5,53,
T02190,5,48,
T02192,4,33,
T02194,5,14,
T02196,4,19,
T02199,5,58,
T02200,4,76,
T02201,3,-15,
T02204,5,53,
T02206,4,30,
T02209,4,40,
T02210,4,12,
T02211,4,-4,
T02213,4,5,
T02214,3,-7,
T02218,3,-20,
T02220,2,-28,
T02224,5,48,
T02226,5,70,
T02230,4,9,
T02233,3,45,
T02234,4,54,
T02239,5,61,
T02240,4,45,
T02242,3,6,
T02243,4,48,
T02245,5,23,
T02246,3,-33,
T02247,4,28,
T02249,3,44,
T02250,3,26,
T02251,4,39,
T02252,4,68,
T02255,4,44,
T02256,3,23,
T02257,5,54,
T02258,5,100,
T02259,3,46,
T02260,4,-14,
T02262,5,12,
T02263,3,-27,
T02265,3,17,
T02266,4,15,
T02267,3,-4,
T02268,5,59,
T02271,5,43,
T02274,4,58,
T02275,4,-8,
T02276,5,33,
T02279,5,48,
T02281,5,1,
T02282,4,11,
T02283,4,-74,
T02284,4,37,
T02285,4,-15,
T02286,4,23,
T02287,4,36,
T02288,4,41,
T02289,5,11,
T02290,4,16,
T02293,5,58,
T02294,3,25,
T02295,3,17,
T02296,5,28,
T02298,2,-35,
T02299,5,27,
T02300,2,-42,
T02303,4,65,
T02304,3,4,
T02305,5,73,
T02307,3,19,
T02310,4,-41,
T02311,4,27,
T02313,5,60,
T02314,4,7,
T02316,4,22,
T02318,5,68,
T02319,5,35,
T02321,5,52,
T02323,4,38,
T02327,3,-16,
T02328,3,-21,
T02331,4,-48,
T02332,3,-24,
T02333,5,45,
T02334,5,16,
T02336,5,62,
T02337,4,32,
T02342,4,-1,
T02343,4,55,
T02344,4,5,
T02345,4,-11,
T02348,4,14,
T02349,4,21,
T02350,4,42,
T02351,4,31,
T02354,5,46,
T02356,4,-6,
T02357,5,79,
T02359,4,84,
T02360,5,37,
T02361,4,42,
T02362,2,-30,
T02363,4,58,
T02364,3,-28,
T02365,4,42,
T02366,5,56,
T02367,3,1,
T02368,3,38,
T02369,3,19,
T02371,3,-19,
T02372,5,62,
T02376,3,-2,
T02377,3,0,
T02378,3,23,
T02380,3,0,
T02381,4,30,
T02382,4,49,
T02384,4,-14,
T02387,2,-20,
T02388,4,42,
T02389,3,-11,
T02390,5,83,
T02392,4,-11,
T02393,4,43,
T02394,3,14,
T02396,4,-2,
T02397,5,20,
T02403,4,27,
T02404,4,-5,
T02409,4,26,
T02412,4,-10,
T02413,4,6,
T02414,2,-27,
T02417,4,10,
T02418,3,36,
T02420,4,12,
T02421,5,6,
T02423,5,44,
T02424,5,30,
T02425,4,17,
T02427,4,-20,
T02430,4,60,
T02431,4,44,
T02432,5,50,
T02433,4,16,
T02435,5,50,
T02436,5,67,
T02437,5,42,
T02440,5,30,
T02441,4,51,
T02443,4,36,
T02444,5,82,
T02445,5,36,
T02446,3,-44,
T02449,5,61,
T02451,4,25,
T02453,3,25,
T02454,3,2,
T02456,4,55,
T02457,4,55,
T02459,5,74,
T02460,4,26,
T02461,4,13,
T02462,4,18,
T02463,4,62,
T02464,3,-1,
T02465,4,-15,
T02470,5,65,
T02472,4,44,
T02473,5,37,
T02474,4,31,
T02475,4,9,
T02476,4,0,
T02480,3,-13,
T02482,5,62,
T02484,3,-21,
T02485,4,43,
T02487,3,28,
T02488,4,39,
T02489,4,-13,
T02492,5,69,
T02493,5,71,
T02494,3,-36,
T02497,5,28,
T02498,4,26,
T02499,4,-12,
T02502,3,35,
T02503,5,67,
T02505,5,95,
T02507,4,48,
T02510,3,-4,
T02511,4,8,
T02512,4,16,
T02513,4,34,
T02514,4,40,
T02519,4,62,
T02521,4,12,
T02522,4,47,
T02524,4,12,
T02525,4,9,
T02526,5,55,
T02527,5,75,
T02531,5,48,
T02534,5,41,
T02535,5,9,
T02538,4,37,
T02539,4,42,
T02540,5,44,
T02545,3,22,
T02547,4,13,
T02548,3,-20,
T02550,5,35,
T02553,3,47,
T02554,4,32,
T02555,5,21,
T02558,4,42,
T02559,5,73,
T02561,4,48,
T02562,5,67,
T02563,4,1,
T02564,3,17,
T02568,2,-47,
T02569,3,-5,
T02571,4,73,
T02574,3,-14,
T02578,5,42,
T02580,3,-32,
T02581,3,-10,
T02582,3,0,
T02585,5,52,
T02588,3,-5,
T02589,4,33,
T02592,4,25,
T02594,4,56,
T02595,5,42,
T02596,5,67,
T02597,5,13,
T02601,5,67,
T02602,4,14,
T02603,4,75,
T02605,4,42,
T02607,5,47,
T02610,3,19,
T02611,2,-56,
T02612,4,0,
T02615,4,19,
T02616,5,74,
T02620,5,31,
T02621,3,56,
T02622,3,-26,
T02624,3,4,
T02625,5,58,
T02626,4,40,
T02629,5,22,
T02630,5,43,
T02631,5,60,
T02632,5,-3,
T02634,4,39,
T02635,5,74,
T02636,4,-2,
T02637,5,41,
T02639,3,-32,
T02640,3,12,
T02642,5,84,
T02643,5,25,
T02645,4,-23,
T02647,4,4,
T02648,3,32,
T02654,5,28,
T02655,3,-20,
T02657,3,6,
T02658,3,-8,
T02659,4,32,
T02660,4,18,
T02662,4,38,
T02663,2,-50,
T02664,4,17,
T02665,3,-67,
T02666,3,0,
T02667,5,69,
T02668,5,60,
T02669,3,-24,
T02671,4,10,
T02673,3,-45,
T02674,3,-4,
T02675,3,35,
T02679,4,12,
T02681,4,33,
T02684,5,63,
T02685,4,-14,
T02686,3,28,
T02687,3,-55,
T02688,5,72,
T02691,5,77,
T02692,5,29,
T02693,3,-41,
T02696,5,15,
T02699,3,-10,
T02701,5,65,
T02703,4,-11,
T02707,5,76,
T02708,2,-2,
T02709,4,32,
T02710,4,40,
T02713,5,93,
T02714,4,52,
T02715,4,14,
T02719,5,23,
T02720,4,52,
T02721,5,40,
T02722,5,73,
T02724,4,74,
T02725,2,-28,
T02726,5,66,
T02727,5,39,
T02728,3,-31,
T02729,2,-57,
T02731,4,0,
T02733,5,78,
T02736,5,46,
T02741,4,-41,
T02742,5,67,
T02743,4,-1,
T02744,4,-6,
T02745,5,12,
T02748,4,-2,
T02750,4,8,
T02751,3,-1,
T02752,4,40,
T02753,5,66,
T02755,4,44,
T02756,4,5,
T02759,5,35,
T02760,4,-22,
T02762,4,49,
T02763,5,62,
T02764,3,19,
T02765,3,-23,
T02766,5,84,
T02767,5,47,
T02769,5,51,
T02771,5,77,
T02772,4,32,
T02775,5,43,
T02776,4,-13,
T02777,4,7,
T02778,2,-18,
T02779,4,-5,
T02780,4,58,
T02781,4,-14,
T02782,4,10,
T02784,4,-11,
T02787,4,100,
T02788,5,60,
T02790,4,63,
T02791,4,39,
T02792,4,8,
T02794,4,-29,
T02795,3,32,
T02796,5,38,
T02799,4,6,
T02800,4,-6,
T02803,4,13,
T02804,4,7,
T02805,4,11,
T02807,5,57,
T02808,3,-58,
T02809,2,-20,
T02810,5,68,
T02811,4,23,
T02813,4,30,
T02814,2,-9,
T02815,3,0,
T02816,3,49,
T02817,4,50,
T02818,5,35,
T02819,4,-11,
T02822,4,59,
T02823,3,-22,
T02826,5,19,
T02827,4,2,
T02829,4,26,
T02830,5,45,
T02832,3,7,
T02834,4,7,
T02835,5,66,
T02836,4,29,
T02838,3,7,
T02839,4,39,
T02840,3,37,
T02843,4,29,
T02844,3,-29,
T02845,4,10,
T02847,5,65,
T02848,5,21,
T02849,3,3,
T02850,5,0,
T02852,5,52,
T02854,4,24,
T02856,5,52,
T02859,4,45,
T02860,4,30,
T02862,5,43,
T02863,5,52,
T02864,3,47,
T02866,5,13,
T02868,5,88,
T02869,4,57,
T02873,4,18,
T02874,4,39,
T02875,4,30,
T02876,4,57,
T02877,5,13,
T02878,4,57,
T02880,4,19,
T02882,3,34,
T02883,4,27,
T02885,4,19,
T02887,5,48,
T02889,4,42,
T02890,5,49,
T02891,5,50,
T02893,3,10,
T02894,3,44,
T02895,4,2,
T02896,5,63,
T02897,4,31,
T02899,4,18,
T02900,4,-10,
T02902,4,2,
T02904,3,-45,
T02907,2,-3,
T02908,3,-7,
T02909,3,-30,
T02911,4,53,
T02913,5,31,
T02914,3,-33,
T02917,5,4,
T02918,4,26,
T02919,5,49,
T02921,4,18,
T02924,4,30,
T02933,4,-16,
T02934,3,22,
T02936,3,-5,
T02938,4,23,
T02939,4,5,
T02940,5,74,
T02941,4,62,
T02943,4,18,
T02944,4,17,
T02945,4,71,
T02946,3,-13,
T02947,5,15,
T02948,4,22,
T02949,5,70,
T02951,3,13,
T02952,4,15,
T02953,5,58,
T02954,3,-12,
T02958,5,27,
T02960,5,53,
T02962,4,83,
T02963,3,-4,
T02968,5,19,
T02969,2,-19,
T02970,3,11,
T02971,4,28,
T02972,5,47,
T02975,3,49,
T02977,4,-40,
T02978,4,58,
T02979,3,3,
T02980,4,32,
T02982,5,71,
T02983,4,15,
T02985,5,100,
T02988,5,41,
T02994,4,33,
T02995,4,27,
T02996,5,31,
T02997,1,-82,
T02998,5,93,
T03000,5,72,
T03001,5,37,
T03008,5,75,
T03009,5,61,
T03010,4,37,
T03011,4,85,
T03017,5,57,
T03018,5,46,
T03019,5,70,
T03020,4,29,
T03021,4,48,
T03022,5,50,
T03023,3,28,
T03027,2,-35,
T03029,4,43,
T03031,5,85,
T03033,2,-15,
T03034,4,37,
T03036,4,23,
T03037,4,-4,
T03039,5,23,
T03043,4,55,
T03046,5,80,
T03047,5,14,
T03048,4,48,
T03049,5,13,
T03052,3,44,
T03054,5,82,
T03055,5,38,
T03056,5,20,
T03058,4,-5,
T03059,3,-10,
T03061,4,15,
T03065,5,3,
T03066,4,22,
T03067,3,14,
T03068,4,-42,
T03069,5,47,
T03071,5,70,
T03074,3,-10,
T03076,4,42,
T03077,4,26,
T03079,4,40,
T03080,5,67,
T03081,5,57,
T03082,4,33,
T03084,3,26,
T03085,4,34,
T03087,4,19,
T03089,4,-7,
T03092,3,40,
T03093,3,18,
T03094,5,66,
T03095,3,-2,
T03097,4,37,
T03100,3,-23,
T03101,5,91,
T03102,5,49,
T03104,3,2,
T03105,5,41,
T03108,4,34,
T03111,3,14,
T03113,4,30,
T03114,4,24,
T03115,2,-19,
T03116,4,12,
T03117,3,-31,
T03118,4,7,
T03120,4,47,
T03122,5,33,
T03123,4,51,
T03126,4,0,
T03128,3,6,
T03130,5,43,
T03131,4,46,
T03132,4,50,
T03133,4,47,
T03134,5,82,
T03137,5,66,
T03140,5,70,
T03141,5,26,
T03142,4,26,
T03144,1,-72,
T03145,4,52,
T03146,4,37,
T03147,4,19,
T03149,4,24,
T03150,4,-9,
T03152,4,22,
T03154,4,44,
T03156,3,-7,
T03158,5,69,
T03161,5,63,
T03164,4,13,
T03165,4,23,
T03166,3,13,
T03167,4,5,
T03168,5,52,
T03169,4,9,
T03170,5,63,
T03171,3,1,
T03172,4,24,
T03173,4,6,
T03174,5,73,
T03178,5,81,
T03179,4,-4,
T03181,4,65,
T03182,5,66,
T03183,5,2,
T03185,4,32,
T03187,4,16,
T03188,4,44,
T03189,4,50,
T03190,3,42,
T03191,3,-6,
T03192,4,60,
T03197,5,25,
T03198,3,11,
